<?xml version="1.0" encoding="UTF-8"?>
<!DOCTYPE hibernate-configuration PUBLIC "-//Hibernate/Hibernate Configuration DTD 3.0//EN"
                                         "http://www.hibernate.org/dtd/hibernate-configuration-3.0.dtd">
<hibernate-configuration>
 <session-factory name="">
  <property name="hibernate.connection.driver_class">com.mysql.cj.jdbc.Driver</property>
  <property name="hibernate.connection.password">asdf.1234</property>
  <property name="hibernate.connection.url">jdbc:mysql://localhost/adat2</property>
  <property name="hibernate.connection.username">dam2</property>
  <property name="hibernate.dialect">org.hibernate.dialect.MySQLDialect</property>
  <property name="hibernate.hbm2ddl.auto">none</property>
  <property name="hibernate.search.autoregister_listeners">true</property>
  <property name="hibernate.validator.apply_to_ddl">false</property>
  <mapping resource="dam2/adat/hibernate202502/Languages.hbm.xml"/>
  <mapping resource="dam2/adat/hibernate202502/Continents.hbm.xml"/>
  <mapping resource="dam2/adat/hibernate202502/Regions.hbm.xml"/>
  <mapping resource="dam2/adat/hibernate202502/CountryStats.hbm.xml"/>
  <mapping resource="dam2/adat/hibernate202502/CountryLanguages.hbm.xml"/>
  <mapping resource="dam2/adat/hibernate202502/Countries.hbm.xml"/>
  <mapping resource="dam2/adat/hibernate202502/RegionAreas.hbm.xml"/>
  <mapping class="dam2.adat.hibernate202502.App"/>
 </session-factory>
</hibernate-configuration>
