<?xml version="1.0" encoding="UTF-8" standalone="no"?>
<!-- Generated 28 ene 2025 9:54:15 by Hibernate Tools 6.5.1.Final --><!DOCTYPE hibernate-mapping PUBLIC "-//Hibernate/Hibernate Mapping DTD 3.0//EN" "http://www.hibernate.org/dtd/hibernate-mapping-3.0.dtd">
<hibernate-mapping>
    <class catalog="adat2" name="dam2.adat.hibernate202502.CountryStats" optimistic-lock="none" table="country_stats">
        <composite-id class="dam2.adat.hibernate202502.CountryStatsId" name="id">
            <key-property name="countryId" type="int">
                <column name="country_id"/>
            </key-property>
            <key-property name="year" type="int">
                <column name="year"/>
            </key-property>
        </composite-id>
        <many-to-one class="dam2.adat.hibernate202502.Countries" fetch="select" insert="false" name="countries" update="false">
            <column name="country_id" not-null="true"/>
        </many-to-one>
        <property name="population" type="java.lang.Integer">
            <column name="population"/>
        </property>
        <property name="gdp" type="java.lang.Long">
            <column name="gdp" precision="15" scale="0"/>
        </property>
    </class>
</hibernate-mapping>
