<?xml version="1.0" encoding="UTF-8" standalone="no"?>
<!-- Generated 28 ene 2025 9:54:15 by Hibernate Tools 6.5.1.Final --><!DOCTYPE hibernate-mapping PUBLIC "-//Hibernate/Hibernate Mapping DTD 3.0//EN" "http://www.hibernate.org/dtd/hibernate-mapping-3.0.dtd">
<hibernate-mapping>
    <class catalog="adat2" name="dam2.adat.hibernate202502.Countries" optimistic-lock="none" table="countries">
        <id name="countryId" type="java.lang.Integer">
            <column name="country_id"/>
            <generator class="identity"/>
        </id>
        <many-to-one class="dam2.adat.hibernate202502.Regions" fetch="select" name="regions">
            <column name="region_id" not-null="true"/>
        </many-to-one>
        <property name="name" type="string">
            <column length="50" name="name"/>
        </property>
        <property name="area" type="big_decimal">
            <column name="area" not-null="true" precision="10" scale="2"/>
        </property>
        <property name="nationalDay" type="date">
            <column length="10" name="national_day"/>
        </property>
        <property name="countryCode2" type="string">
            <column length="2" name="country_code2" not-null="true" unique="true"/>
        </property>
        <property name="countryCode3" type="string">
            <column length="3" name="country_code3" not-null="true" unique="true"/>
        </property>
        <set fetch="select" inverse="true" lazy="true" name="countryStatses" table="country_stats">
            <key>
                <column name="country_id" not-null="true"/>
            </key>
            <one-to-many class="dam2.adat.hibernate202502.CountryStats"/>
        </set>
        <set fetch="select" inverse="true" lazy="true" name="countryLanguageses" table="country_languages">
            <key>
                <column name="country_id" not-null="true"/>
            </key>
            <one-to-many class="dam2.adat.hibernate202502.CountryLanguages"/>
        </set>
    </class>
</hibernate-mapping>
