<?xml version="1.0" encoding="UTF-8" standalone="no"?>
<!-- Generated 28 ene 2025 9:54:15 by Hibernate Tools 6.5.1.Final --><!DOCTYPE hibernate-mapping PUBLIC "-//Hibernate/Hibernate Mapping DTD 3.0//EN" "http://www.hibernate.org/dtd/hibernate-mapping-3.0.dtd">
<hibernate-mapping>
    <class catalog="adat2" name="dam2.adat.hibernate202502.CountryLanguages" optimistic-lock="none" table="country_languages">
        <composite-id class="dam2.adat.hibernate202502.CountryLanguagesId" name="id">
            <key-property name="countryId" type="int">
                <column name="country_id"/>
            </key-property>
            <key-property name="languageId" type="int">
                <column name="language_id"/>
            </key-property>
        </composite-id>
        <many-to-one class="dam2.adat.hibernate202502.Languages" fetch="select" insert="false" name="languages" update="false">
            <column name="language_id" not-null="true"/>
        </many-to-one>
        <many-to-one class="dam2.adat.hibernate202502.Countries" fetch="select" insert="false" name="countries" update="false">
            <column name="country_id" not-null="true"/>
        </many-to-one>
        <property name="official" type="boolean">
            <column name="official" not-null="true"/>
        </property>
    </class>
</hibernate-mapping>
