<?xml version="1.0" encoding="UTF-8" standalone="no"?>
<!-- Generated 28 ene 2025 9:54:15 by Hibernate Tools 6.5.1.Final --><!DOCTYPE hibernate-mapping PUBLIC "-//Hibernate/Hibernate Mapping DTD 3.0//EN" "http://www.hibernate.org/dtd/hibernate-mapping-3.0.dtd">
<hibernate-mapping>
    <class catalog="adat2" name="dam2.adat.hibernate202502.Languages" optimistic-lock="none" table="languages">
        <id name="languageId" type="java.lang.Integer">
            <column name="language_id"/>
            <generator class="identity"/>
        </id>
        <property name="language" type="string">
            <column length="50" name="language" not-null="true"/>
        </property>
        <set fetch="select" inverse="true" lazy="true" name="countryLanguageses" table="country_languages">
            <key>
                <column name="language_id" not-null="true"/>
            </key>
            <one-to-many class="dam2.adat.hibernate202502.CountryLanguages"/>
        </set>
    </class>
</hibernate-mapping>
