<?xml version="1.0" encoding="UTF-8" standalone="no"?>
<!-- Generated 28 ene 2025 9:54:15 by Hibernate Tools 6.5.1.Final --><!DOCTYPE hibernate-mapping PUBLIC "-//Hibernate/Hibernate Mapping DTD 3.0//EN" "http://www.hibernate.org/dtd/hibernate-mapping-3.0.dtd">
<hibernate-mapping>
    <class catalog="adat2" name="dam2.adat.hibernate202502.Regions" optimistic-lock="none" table="regions">
        <id name="regionId" type="java.lang.Integer">
            <column name="region_id"/>
            <generator class="identity"/>
        </id>
        <many-to-one class="dam2.adat.hibernate202502.Continents" fetch="select" name="continents">
            <column name="continent_id" not-null="true"/>
        </many-to-one>
        <property name="name" type="string">
            <column length="100" name="name" not-null="true"/>
        </property>
        <set fetch="select" inverse="true" lazy="true" name="countrieses" table="countries">
            <key>
                <column name="region_id" not-null="true"/>
            </key>
            <one-to-many class="dam2.adat.hibernate202502.Countries"/>
        </set>
    </class>
</hibernate-mapping>
