<?xml version="1.0" encoding="UTF-8" standalone="no"?>
<!-- Generated 28 ene 2025 9:54:15 by Hibernate Tools 6.5.1.Final --><!DOCTYPE hibernate-mapping PUBLIC "-//Hibernate/Hibernate Mapping DTD 3.0//EN" "http://www.hibernate.org/dtd/hibernate-mapping-3.0.dtd">
<hibernate-mapping>
    <class catalog="adat2" name="dam2.adat.hibernate202502.RegionAreas" optimistic-lock="none" table="region_areas">
        <id name="regionName" type="string">
            <column length="100" name="region_name"/>
            <generator class="assigned"/>
        </id>
        <property name="regionArea" type="big_decimal">
            <column name="region_area" not-null="true" precision="15" scale="2"/>
        </property>
    </class>
</hibernate-mapping>
